{"mean": [780.30309, 149.47106, 7.99449, 0.46493, 0.26709, 0.32665, 11922.81309, 2060.04855, 2.16318, 11113.86684, 1841.51734, 1.33864, 321.93202, 0.02523, 0.05039, 0.0238, 0.02516, 0.0, 0.0, 0.0, 0.0, 0.0, 0.0, 0.0, 0.0], "std": [416.7640263443876, 79.416310440966, 6.691053711761553, 0.498768588701271, 0.44243975945778113, 0.46898804556170554, 19650.651556950943, 4491.467485589377, 2.837656135678827, 19053.528093911562, 3001.902067633474, 2.9861619196097817, 318.0069471333491, 0.1568229901399232, 0.2187483766224981, 0.15242559840306016, 0.15661091128103483, 1e-08, 1e-08, 1e-08, 1e-08, 1e-08, 1e-08, 1e-08, 1e-08]}