{"loss": [0.08191733807325363, 0.032821834087371826, 0.02742837555706501, 0.024683590978384018, 0.02387966588139534, 0.022070741280913353, 0.021149413660168648, 0.020610829815268517, 0.01965119130909443, 0.019213013350963593, 0.018209248781204224, 0.016965804621577263, 0.016977282240986824, 0.015786338597536087, 0.01577138528227806, 0.015250633470714092, 0.014381597749888897, 0.014628573320806026, 0.013871901668608189, 0.013560505583882332, 0.013487952761352062, 0.013159072026610374, 0.013268200680613518, 0.012313232757151127, 0.012756013311445713, 0.01246618665754795, 0.011918488889932632, 0.011962090618908405, 0.012155263684689999, 0.011948773637413979, 0.0114705516025424, 0.011790948919951916, 0.011384895071387291, 0.012438356876373291, 0.011389759369194508, 0.011414354667067528, 0.011564459651708603, 0.011349029839038849, 0.011434796266257763, 0.011025279760360718, 0.011208842508494854, 0.010789692401885986, 0.012151637114584446, 0.010726021602749825, 0.010670281946659088, 0.010756931267678738, 0.010724752210080624, 0.010384669527411461, 0.010013408958911896, 0.011365272104740143, 0.011007115244865417, 0.011085210368037224, 0.010502713732421398, 0.010611198842525482, 0.01026770006865263, 0.010296802036464214, 0.010369808413088322, 0.010462656617164612, 0.00998337846249342, 0.010505544021725655, 0.010578777641057968, 0.010155796073377132, 0.009961952455341816, 0.010189257562160492, 0.010250821709632874, 0.00988356489688158], "accuracy": [0.9719200134277344, 0.990909993648529, 0.9922999739646912, 0.9929500222206116, 0.9929900169372559, 0.9931100010871887, 0.9932799935340881, 0.9933599829673767, 0.9933800101280212, 0.9932699799537659, 0.9936100244522095, 0.9938499927520752, 0.9938499927520752, 0.9942399859428406, 0.9943100214004517, 0.9942799806594849, 0.9945899844169617, 0.9947900176048279, 0.9950000047683716, 0.9949899911880493, 0.9948700070381165, 0.9952300190925598, 0.9950699806213379, 0.9951800107955933, 0.9948599934577942, 0.9951800107955933, 0.9952499866485596, 0.9954100251197815, 0.9952099919319153, 0.9955300092697144, 0.9954599738121033, 0.9952800273895264, 0.9954699873924255, 0.9951000213623047, 0.9956099987030029, 0.9956200122833252, 0.9955000281333923, 0.9954699873924255, 0.9955800175666809, 0.9954800009727478, 0.9957200288772583, 0.9957799911499023, 0.9954500198364258, 0.9958199858665466, 0.9955999851226807, 0.9955899715423584, 0.9954900145530701, 0.9958000183105469, 0.9958099722862244, 0.9956600069999695, 0.9956899881362915, 0.9958000183105469, 0.9959200024604797, 0.9958599805831909, 0.995989978313446, 0.9959400296211243, 0.9956700205802917, 0.9958000183105469, 0.9960100054740906, 0.995959997177124, 0.9959099888801575, 0.9960100054740906, 0.9960799813270569, 0.995989978313446, 0.9959800243377686, 0.9961199760437012], "precision": [0.9652522206306458, 0.9895379543304443, 0.9934818148612976, 0.9949720501899719, 0.9960927367210388, 0.9965032935142517, 0.9968637824058533, 0.9969671964645386, 0.9969164133071899, 0.9966592788696289, 0.9968690872192383, 0.996414840221405, 0.9962115287780762, 0.9959656596183777, 0.9958152770996094, 0.9951574802398682, 0.9947622418403625, 0.9951196908950806, 0.995376467704773, 0.9944717884063721, 0.9940171241760254, 0.9946288466453552, 0.9936231374740601, 0.9937266111373901, 0.9926678538322449, 0.9932275414466858, 0.9934293627738953, 0.9930362701416016, 0.9925813674926758, 0.9929907917976379, 0.9937853813171387, 0.9923852682113647, 0.9930881261825562, 0.9921299815177917, 0.9931427240371704, 0.9930933713912964, 0.9927908778190613, 0.9923925399780273, 0.9930422306060791, 0.9924921989440918, 0.9923526048660278, 0.9923548698425293, 0.9918960928916931, 0.9931003451347351, 0.9920507073402405, 0.992744505405426, 0.9920462965965271, 0.9924547076225281, 0.9926533699035645, 0.9915586113929749, 0.9934439659118652, 0.9928513765335083, 0.9929549098014832, 0.9931513667106628, 0.993155837059021, 0.9926086068153381, 0.9922020435333252, 0.9924547076225281, 0.9925616979598999, 0.9924113154411316, 0.9930537939071655, 0.9921659231185913, 0.9926633238792419, 0.992214560508728, 0.9923625588417053, 0.9925658106803894], "recall": [0.891700029373169, 0.9647499918937683, 0.9678500294685364, 0.9696499705314636, 0.96875, 0.9689499735832214, 0.9694499969482422, 0.9697499871253967, 0.9699000120162964, 0.9696000218391418, 0.9710999727249146, 0.9727500081062317, 0.9729499816894531, 0.9751499891281128, 0.9756500124931335, 0.9761499762535095, 0.9781000018119812, 0.9787499904632568, 0.9795500040054321, 0.980400025844574, 0.9802500009536743, 0.9814500212669373, 0.9816499948501587, 0.9821000099182129, 0.9815499782562256, 0.9825999736785889, 0.9827499985694885, 0.9839500188827515, 0.9833999872207642, 0.9846000075340271, 0.9834499955177307, 0.9839500188827515, 0.9842000007629395, 0.983299970626831, 0.9848499894142151, 0.9849500060081482, 0.9846500158309937, 0.9848999977111816, 0.9847999811172485, 0.9848499894142151, 0.9861999750137329, 0.9865000247955322, 0.9853000044822693, 0.9859499931335449, 0.9858999848365784, 0.9851499795913696, 0.9853500127792358, 0.9865000247955322, 0.9863499999046326, 0.9866999983787537, 0.9849500060081482, 0.9861000180244446, 0.9865999817848206, 0.9861000180244446, 0.9867500066757202, 0.9870499968528748, 0.9861000180244446, 0.9865000247955322, 0.9874500036239624, 0.9873499870300293, 0.9864500164985657, 0.98785001039505, 0.9876999855041504, 0.9876999855041504, 0.987500011920929, 0.9879999756813049], "val_loss": [0.04374965280294418, 0.033006198704242706, 0.028568726032972336, 0.029141122475266457, 0.02712157368659973, 0.02458561584353447, 0.02253863587975502, 0.022742025554180145, 0.02426200546324253, 0.022628530859947205, 0.020615864545106888, 0.02289639599621296, 0.0189829021692276, 0.017391838133335114, 0.01664186641573906, 0.016779793426394463, 0.01540391705930233, 0.015184679999947548, 0.0165879987180233, 0.013903207145631313, 0.0158031415194273, 0.01281925942748785, 0.01383430790156126, 0.01367260329425335, 0.0131942518055439, 0.013512778095901012, 0.012045812793076038, 0.012601688504219055, 0.012452604249119759, 0.01327516045421362, 0.013208155520260334, 0.013704194687306881, 0.013309378176927567, 0.014602173119783401, 0.013730593957006931, 0.011845464818179607, 0.013196687214076519, 0.011734122410416603, 0.011422657407820225, 0.012232356704771519, 0.013145660050213337, 0.01184791885316372, 0.013467327691614628, 0.011874482035636902, 0.013215847313404083, 0.013006617315113544, 0.011514495126903057, 0.011642399244010448, 0.011067799292504787, 0.012078722007572651, 0.01158604584634304, 0.01229904592037201, 0.011860650964081287, 0.011149251833558083, 0.01121304277330637, 0.010226331651210785, 0.011796193197369576, 0.011143640615046024, 0.01210816390812397, 0.012599329464137554, 0.011330490931868553, 0.010995006188750267, 0.010766426101326942, 0.011189944110810757, 0.010778458788990974, 0.011723070405423641],