{"mean": [777.4868, 149.5682, 7.925, 0.4624, 0.267, 0.33, 11962.857, 2037.1048, 2.1868, 10759.8568, 1851.516, 1.3488, 316.8568, 0.0224, 0.0488, 0.0264, 0.0264, 0.0, 0.0, 0.0, 0.0, 0.0, 0.0, 0.0, 0.0], "std": [414.5555840102154, 78.88172253657959, 6.676329465621579, 0.4985842456111877, 0.4423923697893456, 0.4702127278203299, 19781.017764730143, 4228.277596315366, 2.8550842049055873, 18692.685447892145, 3040.141564369089, 2.9951859074027847, 317.1788648382893, 0.14798054926108625, 0.2154496792965556, 0.1603216866379368, 0.1603216866379369, 1e-08, 1e-08, 1e-08, 1e-08, 1e-08, 1e-08, 1e-08, 1e-08]}