{"loss": [0.3188813328742981, 0.14651374518871307, 0.09877283126115799, 0.07808352261781693, 0.06759697943925858, 0.05903350189328194, 0.05062691494822502, 0.049033183604478836, 0.045441173017024994, 0.04093371704220772, 0.03886227309703827, 0.038739219307899475, 0.03428115323185921, 0.03493557870388031, 0.03486482426524162, 0.032795537263154984, 0.033803436905145645, 0.030993668362498283, 0.031069885939359665, 0.030520034953951836, 0.029395459219813347, 0.031106341630220413, 0.028196530416607857, 0.030152499675750732, 0.026591872796416283, 0.027156883850693703, 0.027367914095520973, 0.025719521567225456, 0.02501641772687435, 0.027502629905939102], "accuracy": [0.8884000182151794, 0.9459999799728394, 0.9646000266075134, 0.9747999906539917, 0.9782000184059143, 0.9824000000953674, 0.9847999811172485, 0.9861999750137329, 0.9891999959945679, 0.9883999824523926, 0.9883999824523926, 0.9886000156402588, 0.9890000224113464, 0.9904000163078308, 0.9905999898910522, 0.9922000169754028, 0.9904000163078308, 0.9904000163078308, 0.9908000230789185, 0.9905999898910522, 0.991599977016449, 0.9908000230789185, 0.989799976348877, 0.9901999831199646, 0.9905999898910522, 0.9923999905586243, 0.9929999709129333, 0.9911999702453613, 0.993399977684021, 0.991599977016449], "precision": [0.8399999737739563, 0.956250011920929, 0.9681456089019775, 0.9678800702095032, 0.9694415330886841, 0.9720497131347656, 0.9792531132698059, 0.9803921580314636, 0.9886363744735718, 0.9845678806304932, 0.9835729002952576, 0.983589768409729, 0.9856114983558655, 0.9907216429710388, 0.989722490310669, 0.9948506951332092, 0.9867075681686401, 0.9887063503265381, 0.9907407164573669, 0.9917440414428711, 0.9917864203453064, 0.991752564907074, 0.9866666793823242, 0.9876922965049744, 0.9877175092697144, 0.9928278923034668, 0.9958890080451965, 0.991769552230835, 0.9979402422904968, 0.9927983283996582], "recall": [0.5460000038146973, 0.7649999856948853, 0.8510000109672546, 0.9039999842643738, 0.9200000166893005, 0.9390000104904175, 0.9440000057220459, 0.949999988079071, 0.9570000171661377, 0.9570000171661377, 0.9580000042915344, 0.9589999914169312, 0.9589999914169312, 0.9610000252723694, 0.9629999995231628, 0.9660000205039978, 0.9649999737739563, 0.9629999995231628, 0.9629999995231628, 0.9610000252723694, 0.9660000205039978, 0.9620000123977661, 0.9620000123977661, 0.9629999995231628, 0.9649999737739563, 0.968999981880188, 0.968999981880188, 0.9639999866485596, 0.968999981880188, 0.9649999737739563], "val_loss": [0.23312292993068695, 0.13638697564601898, 0.0880727618932724, 0.07655295729637146, 0.06927119940519333, 0.06234085187315941, 0.05357396602630615, 0.05413997545838356, 0.04709896445274353, 0.047559335827827454, 0.04411737620830536, 0.044470157474279404, 0.043371886014938354, 0.038811758160591125, 0.03953609988093376, 0.042508214712142944, 0.03692261874675751, 0.04025621712207794, 0.042288463562726974, 0.03661420941352844, 0.038531988859176636, 0.0363972969353199, 0.03471549227833748, 0.036576785147190094, 0.03464324027299881, 0.03606700524687767, 0.0348629355430603, 0.033492088317871094, 0.03252877667546272, 0.034042201936244965], "val_accuracy": [0.9004999995231628, 0.9380000233650208, 0.968999981880188, 0.9804999828338623, 0.9835000038146973, 0.987500011920929, 0.9869999885559082, 0.9879999756813049, 0.987500011920929, 0.987500011920929, 0.9860000014305115, 0.9865000247955322, 0.9879999756813049, 0.9884999990463257, 0.9879999756813049, 0.9879999756813049, 0.987500011920929, 0.987500011920929, 0.987500011920929, 0.9884999990463257, 0.9890000224113464, 0.9879999756813049, 0.9884999990463257, 0.9884999990463257, 0.9884999990463257, 0.9879999756813049, 0.9894999861717224, 0.9890000224113464, 0.9865000247955322, 0.9884999990463257], "val_precision": [0.9902200698852539, 0.9979079365730286, 0.9944853186607361, 1.0, 0.9982425570487976, 1.0, 0.9897611141204834, 0.9948453903198242, 0.9897785186767578, 0.9931389093399048, 0.988054633140564, 0.9897435903549194, 0.9948453903198242, 0.994854211807251, 0.9948453903198242, 0.9931507110595703, 0.9914529919624329, 0.998266875743866, 1.0, 0.9965576529502869, 0.9965635538101196, 0.9931507110595703, 0.994854211807251, 0.9965576529502869, 0.9965576529502869, 0.9931507110595703, 1.0, 0.9965635538101196, 0.9847715497016907, 0.9965576529502869], "val_recall": [0.675000011920929, 0.7950000166893005, 0.9016666412353516, 0.9350000023841858, 0.9466666579246521, 0.9583333134651184, 0.9666666388511658, 0.9649999737739563, 0.9683333039283752, 0.9649999737739563, 0.9649999737739563, 0.9649999737739563, 0.9649999737739563, 0.9666666388511658, 0.9649999737739563, 0.9666666388511658, 0.9666666388511658, 0.9599999785423279, 0.9583333134651184, 0.9649999737739563, 0.9666666388511658, 0.9666666388511658, 0.9666666388511658, 0.9649999737739563, 0.9649999737739563, 0.9666666388511658, 0.9649999737739563, 0.9666666388511658, 0.9700000286102295, 0.9649999737739563]}